Workbook

Sheet Hướng dẫn
A1: HƯỚNG DẪN SỬ DỤNG FORM KIỂM THỬ
A3: 1. KÝ HIỆU KẾT QUẢ
B4: ✅ PASS | C4: Tính năng hoạt động đúng kỳ vọng
B5: ❌ FAIL | C5: Tính năng không hoạt động hoặc sai kỳ vọng
B6: ⚠️ PARTIAL | C6: Hoạt động một phần, cần ghi chú chi tiết
B7: ⏳ SKIP | C7: Chưa test / Bỏ qua
A9: 2. THANG ĐÁNH GIÁ (1-5)
B10: 1 - Rất kém | C10: Không hoạt động, lỗi nghiêm trọng
B11: 2 - Kém | C11: Hoạt động nhưng nhiều lỗi, khó dùng
B12: 3 - Trung bình | C12: Hoạt động cơ bản, cần cải thiện
B13: 4 - Tốt | C13: Hoạt động tốt, ít lỗi nhỏ
B14: 5 - Xuất sắc | C14: Hoạt động hoàn hảo, trải nghiệm tuyệt vời
A16: 3. CÁC CỘT NGƯỜI TEST CẦN ĐIỀN
B17: Kết quả thực tế | C17: Ghi lại response AI hoặc kết quả thao tác thực tế
B18: Ảnh chụp màn hình | C18: Ghi tên file ảnh (VD: TC01_chat.png) hoặc paste link ảnh
B19: Kết quả | C19: Chọn từ dropdown: PASS / FAIL / PARTIAL / SKIP
B20: Đánh giá (1-5) | C20: Chọn từ dropdown: 1 đến 5
B21: Thời gian test | C21: Điền ngày test theo format dd/mm/yyyy
B22: Nhận xét, đánh giá | C22: Mô tả chi tiết bug, issue, hoặc nhận xét
B23: Feedback / Đề xuất | C23: Ý kiến cải thiện, đề xuất nâng cấp tính năng
A25: 4. QUY TRÌNH TEST
B26: Bước 1: Đọc hướng dẫn (sheet này)
B27: Bước 2: Truy cập https://openwebui.rangdong.com.vn
B28: Bước 3: Thực hiện từng test case theo sheet "Form Test Tính Năng"
B29: Bước 4: Điền kết quả, chụp ảnh màn hình nếu có
B30: Bước 5: Ghi nhận xét và feedback cho từng mục
B31: Bước 6: Test thêm theo nghiệp vụ riêng ở sheet "Form Test Nghiệp Vụ"
B32: Bước 7: Gửi file Excel đã điền về cho team phát triển

Sheet Form Test Tính Năng
A1: FORM KIỂM THỬ TÍNH NĂNG - OPEN WEBUI
A2: Phiên bản: v2.1 | Ngày: 06/04/2026 | URL: https://openwebui.rangdong.com.vn | Tổng: 103 test cases | 4 providers: OpenAI, Google, xAI, Anthropic
A3: STT | B3: Phân hệ | C3: Nhóm tính năng | D3: Tính năng cụ thể | E3: Thao tác test | F3: Kỳ vọng | G3: Kết quả thực tế | H3: Ảnh chụp màn hình | I3: Kết quả | J3: Đánh giá (1-5) | K3: Thời gian test (ngày/tháng/năm) | L3: Nhận xét, đánh giá | M3: Feedback / Đề xuất
A4: PHẦN A: TÍNH NĂNG NGƯỜI DÙNG (USER)
A5: 1 | B5: USER | C5: Hỏi đáp (Chat AI) | D5: Trả lời tiếng Việt | E5: Hỏi: "Giải thích nguyên lý hoạt động của pin mặt trời" | F5: Trả lời mượt mà tiếng Việt, chính xác, không lỗi ngữ pháp
A6: 2 | B6: USER | C6: Hỏi đáp (Chat AI) | D6: Trả lời tiếng Anh | E6: Hỏi: "Explain how LED lighting works" | F6: Trả lời tiếng Anh chính xác, ngữ pháp tốt
A7: 3 | B7: USER | C7: Hỏi đáp (Chat AI) | D7: Trả lời chuyên ngành | E7: Hỏi về so sánh đèn LED vs đèn huỳnh quang | F7: Thông tin chuyên ngành chính xác, so sánh rõ ràng
A8: 4 | B8: USER | C8: Hỏi đáp (Chat AI) | D8: Trả lời có số liệu | E8: Hỏi: "Dân số Việt Nam năm 2025?" | F8: Số liệu gần đúng, có disclaimer
A9: 5 | B9: USER | C9: Hỏi đáp (Chat AI) | D9: Trả lời dạng bảng | E9: Hỏi: "Lập bảng so sánh 5 loại đèn LED" | F9: Bảng markdown đẹp, dữ liệu hợp lý
A10: 6 | B10: USER | C10: Hỏi đáp (Chat AI) | D10: Trả lời dạng code | E10: Hỏi: "Viết code Python đọc Excel vẽ biểu đồ" | F10: Code chạy được, syntax highlighting
A11: 7 | B11: USER | C11: Hỏi đáp (Chat AI) | D11: Hội thoại nhiều lượt | E11: Hỏi 3-4 câu liên tiếp cùng chủ đề | F11: AI nhớ context, trả lời mạch lạc
A12: 8 | B12: USER | C12: Hỏi đáp (Chat AI) | D12: Streaming response | E12: Quan sát khi AI trả lời | F12: Text hiển thị từng token, không giật lag
A13: 9 | B13: USER | C13: Hỏi đáp (Chat AI) | D13: Tạo hội thoại mới | E13: Nhấn "New Chat" | F13: Mở chat mới, không context cũ
A14: 10 | B14: USER | C14: Hỏi đáp (Chat AI) | D14: Xóa hội thoại | E14: Xóa 1 hội thoại từ sidebar | F14: Hội thoại bị xóa khỏi danh sách
A15: 11 | B15: USER | C15: Hỏi đáp (Chat AI) | D15: Xóa nhiều hội thoại | E15: Xóa 3 hội thoại cùng lúc | F15: Tất cả bị xóa thành công
A16: 12 | B16: USER | C16: Hỏi đáp (Chat AI) | D16: Đổi tên hội thoại | E16: Click tên → Sửa tên | F16: Tên mới được lưu
... A84: 80 | B84: USER | C84: Giao diện & Cá nhân hóa | D84: Responsive mobile | E84: Mở trên điện thoại | F84: Hiển thị tốt, không vỡ layout
A85: PHẦN B: TÍNH NĂNG QUẢN TRỊ (ADMIN)
A86: 81 | B86: ADMIN | C86: Quản lý người dùng | D86: Xem danh sách user | E86: Admin Panel → Users | F86: Hiển thị đầy đủ, role, trạng thái
A87: 82 | B87: ADMIN | C87: Quản lý người dùng | D87: Tạo user mới | E87: Tạo account / đăng ký | F87: Account tạo, trạng thái Pending
A88: 83 | B88: ADMIN | C88: Quản lý người dùng | D88: Duyệt user | E88: Approve user pending | F88: User Active, login được
A89: 84 | B89: ADMIN | C89: Quản lý người dùng | D89: Đổi role | E89: User → Admin hoặc ngược lại | F89: Role + quyền thay đổi
A90: 85 | B90: ADMIN | C90: Quản lý người dùng | D90: Xóa user | E90: Xóa 1 user account | F90: User bị xóa, không login
A91: 86 | B91: ADMIN | C91: Quản lý người dùng | D91: Reset password | E91: Reset password cho user | F91: Password mới hoạt động
A92: 87 | B92: ADMIN | C92: Quản lý Model | D92: Bật/tắt model | E92: Admin → Models → Disable | F92: User không thấy model disabled
A93: 88 | B93: ADMIN | C93: Quản lý Model | D93: Cấu hình params | E93: Set temperature, max_tokens | F93: Params áp dụng khi chat
A94: 89 | B94: ADMIN | C94: Quản lý Model | D94: Gán Knowledge | E94: Gán Knowledge mặc định cho model | F94: Model tự động dùng Knowledge
A95: 90 | B95: ADMIN | C95: Quản lý Model | D95: Access control | E95: Giới hạn model cho user cụ thể | F95: Chỉ user được phép mới thấy
A96: 91 | B96: ADMIN | C96: Dashboard & Giám sát | D96: Dashboard tổng quan | E96: Truy cập Dashboard middleware | F96: Hiển thị tổng chi phí, request, top users
A97: 92 | B97: ADMIN | C97: Dashboard & Giám sát | D97: Log requests | E97: Xem log chi tiết API request | F97: User, model, tokens, cost, timestamp
... A108: 103 | B108: ADMIN | C108: Cấu hình hệ thống | D108: Signup control | E108: Bật/tắt đăng ký mới | F108: Đúng trạng thái bật/tắt

Sheet Form Test Nghiệp Vụ
A1: FORM KIỂM THỬ THEO NGHIỆP VỤ
A2: Mỗi anh/chị tự điền kịch bản test theo nghiệp vụ riêng. Dưới đây là 5 ví dụ mẫu.
A3: STT | B3: Người test | C3: Phòng ban / Nghiệp vụ | D3: Kịch bản test | E3: Model sử dụng | F3: Câu hỏi / Prompt | G3: File đính kèm (nếu có) | H3: Kỳ vọng | I3: Kết quả thực tế | J3: Ảnh chụp màn hình | K3: Kết quả | L3: Thời gian test (ngày/tháng/năm) | M3: Nhận xét, đánh giá | N3: Feedback / Đề xuất
A4: 1 | B4: Nguyễn Văn A | C4: Kế toán | D4: Phân tích báo cáo tài chính | E4: gpt-5.4 | F4: Upload file báo cáo Q1.xlsx, hỏi "Tóm tắt doanh thu và chi phí theo tháng" | G4: bao_cao_Q1.xlsx | H4: AI tổng hợp đúng số liệu, phân tích theo tháng | K4: PASS
A5: 2 | B5: Trần Thị B | C5: Marketing | D5: Viết nội dung quảng cáo | E5: gemini-3.1-pro-preview | F5: "Viết 3 mẫu quảng cáo Facebook cho đèn LED thông minh" | H5: Nội dung sáng tạo, đúng tone, có CTA
A6: 3 | B6: Lê Văn C | C6: R&D | D6: Tra cứu tài liệu kỹ thuật | E6: claude-opus-4-6 | F6: Upload datasheet LED → hỏi thông số kỹ thuật | G6: LED_Datasheet.pdf | H6: Trích xuất đúng thông số từ datasheet
A7: 4 | B7: Phạm Thị D | C7: Nhân sự | D7: Soạn thảo văn bản | E7: gpt-5 | F7: "Soạn email thông báo chính sách nghỉ phép mới cho toàn công ty" | H7: Email chuyên nghiệp, đúng format, đầy đủ nội dung
A8: 5 | B8: Hoàng Văn E | C8: IT | D8: Debug code | E8: grok-4.20-reasoning | F8: Gửi đoạn code lỗi Python và hỏi cách sửa | G8: error_code.py | H8: Phát hiện lỗi, đề xuất fix đúng
A9: ↓↓↓ ĐIỀN TEST CASE CỦA BẠN TỪ ĐÂY ↓↓↓
A10: 6
A11: 7
A12: 8
A13: 9
A14: 10
A15: 11
A16: 12
A17: 13
A18: 14
A19: 15
A20: 16
A21: 17
... A59: 55

Sheet Tổng hợp
A1: BẢNG TỔNG HỢP KẾT QUẢ KIỂM THỬ
A2: Dữ liệu tự động tính từ sheet "Form Test Tính Năng" bằng COUNTIFS
A3: STT | B3: Phân hệ | C3: Nhóm tính năng | D3: Tổng TC | E3: PASS | F3: FAIL | G3: PARTIAL | H3: SKIP | I3: Tỷ lệ PASS (%)
A4: 1 | B4: USER | C4: Hỏi đáp (Chat AI) | D4: =COUNTIFS('Form Test Tính Năng'!C$4:C$158,"Hỏi đáp (Chat AI)") | E4: =COUNTIFS('Form Test Tính Năng'!C$4:C$158,"Hỏi đáp (Chat AI)",'Form Test Tính Năng'!I$4:I$158,"PASS") | F4: =COUNTIFS('Form Test Tính Năng'!C$4:C$158,"Hỏi đáp (Chat AI)",'Form Test Tính Năng'!I$4:I$158,"FAIL") | G4: =COUNTIFS('Form Test Tính Năng'!C$4:C$158,"Hỏi đáp (Chat AI)",'Form Test Tính Năng'!I$4:I$158,"PARTIAL") | H4: =COUNTIFS('Form Test Tính Năng'!C$4:C$158,"Hỏi đáp (Chat AI)",'Form Test Tính Năng'!I$4:I$158,"SKIP") | I4: =IF(D4=0,"",E4/D4)
A5: 2 | B5: USER | C5: Tạo ảnh AI | D5: =COUNTIFS('Form Test Tính Năng'!C$4:C$158,"Tạo ảnh AI") | E5: =COUNTIFS('Form Test Tính Năng'!C$4:C$158,"Tạo ảnh AI",'Form Test Tính Năng'!I$4:I$158,"PASS") | F5: =COUNTIFS('Form Test Tính Năng'!C$4:C$158,"Tạo ảnh AI",'Form Test Tính Năng'!I$4:I$158,"FAIL") | G5: =COUNTIFS('Form Test Tính Năng'!C$4:C$158,"Tạo ảnh AI",'Form Test Tính Năng'!I$4:I$158,"PARTIAL") | H5: =COUNTIFS('Form Test Tính Năng'!C$4:C$158,"Tạo ảnh AI",'Form Test Tính Năng'!I$4:I$158,"SKIP") | I5: =IF(D5=0,"",E5/D5)
A6: 3 | B6: USER | C6: Gửi file & truy xuất | D6: =COUNTIFS('Form Test Tính Năng'!C$4:C$158,"Gửi file & truy xuất") | E6: =COUNTIFS('Form Test Tính Năng'!C$4:C$158,"Gửi file & truy xuất",'Form Test Tính Năng'!I$4:I$158,"PASS") | F6: =COUNTIFS('Form Test Tính Năng'!C$4:C$158,"Gửi file & truy xuất",'Form Test Tính Năng'!I$4:I$158,"FAIL") | G6: =COUNTIFS('Form Test Tính Năng'!C$4:C$158,"Gửi file & truy xuất",'Form Test Tính Năng'!I$4:I$158,"PARTIAL") | H6: =COUNTIFS('Form Test Tính Năng'!C$4:C$158,"Gửi file & truy xuất",'Form Test Tính Năng'!I$4:I$158,"SKIP") | I6: =IF(D6=0,"",E6/D6)
A7: 4 | B7: USER | C7: Chọn Model | D7: =COUNTIFS('Form Test Tính Năng'!C$4:C$158,"Chọn Model") | E7: =COUNTIFS('Form Test Tính Năng'!C$4:C$158,"Chọn Model",'Form Test Tính Năng'!I$4:I$158,"PASS") | F7: =COUNTIFS('Form Test Tính Năng'!C$4:C$158,"Chọn Model",'Form Test Tính Năng'!I$4:I$158,"FAIL") | G7: =COUNTIFS('Form Test Tính Năng'!C$4:C$158,"Chọn Model",'Form Test Tính Năng'!I$4:I$158,"PARTIAL") | H7: =COUNTIFS('Form Test Tính Năng'!C$4:C$158,"Chọn Model",'Form Test Tính Năng'!I$4:I$158,"SKIP") | I7: =IF(D7=0,"",E7/D7)
A8: 5 | B8: USER | C8: Kho kiến thức | D8: =COUNTIFS('Form Test Tính Năng'!C$4:C$158,"Kho kiến thức") | E8: =COUNTIFS('Form Test Tính Năng'!C$4:C$158,"Kho kiến thức",'Form Test Tính Năng'!I$4:I$158,"PASS") | F8: =COUNTIFS('Form Test Tính Năng'!C$4:C$158,"Kho kiến thức",'Form Test Tính Năng'!I$4:I$158,"FAIL") | G8: =COUNTIFS('Form Test Tính Năng'!C$4:C$158,"Kho kiến thức",'Form Test Tính Năng'!I$4:I$158,"PARTIAL") | H8: =COUNTIFS('Form Test Tính Năng'!C$4:C$158,"Kho kiến thức",'Form Test Tính Năng'!I$4:I$158,"SKIP") | I8: =IF(D8=0,"",E8/D8)
A9: 6 | B9: USER | C9: Không gian làm việc | D9: =COUNTIFS('Form Test Tính Năng'!C$4:C$158,"Không gian làm việc") | E9: =COUNTIFS('Form Test Tính Năng'!C$4:C$158,"Không gian làm việc",'Form Test Tính Năng'!I$4:I$158,"PASS") | F9: =COUNTIFS('Form Test Tính Năng'!C$4:C$158,"Không gian làm việc",'Form Test Tính Năng'!I$4:I$158,"FAIL") | G9: =COUNTIFS('Form Test Tính Năng'!C$4:C$158,"Không gian làm việc",'Form Test Tính Năng'!I$4:I$158,"PARTIAL") | H9: =COUNTIFS('Form Test Tính Năng'!C$4:C$158,"Không gian làm việc",'Form Test Tính Năng'!I$4:I$158,"SKIP") | I9: =IF(D9=0,"",E9/D9)
A10: 7 | B10: USER | C10: Giọng nói | D10: =COUNTIFS('Form Test Tính Năng'!C$4:C$158,"Giọng nói") | E10: =COUNTIFS('Form Test Tính Năng'!C$4:C$158,"Giọng nói",'Form Test Tính Năng'!I$4:I$158,"PASS") | F10: =COUNTIFS('Form Test Tính Năng'!C$4:C$158,"Giọng nói",'Form Test Tính Năng'!I$4:I$158,"FAIL") | G10: =COUNTIFS('Form Test Tính Năng'!C$4:C$158,"Giọng nói",'Form Test Tính Năng'!I$4:I$158,"PARTIAL") | H10: =COUNTIFS('Form Test Tính Năng'!C$4:C$158,"Giọng nói",'Form Test Tính Năng'!I$4:I$158,"SKIP") | I10: =IF(D10=0,"",E10/D10)
A11: 8 | B11: USER | C11: Tìm kiếm Web | D11: =COUNTIFS('Form Test Tính Năng'!C$4:C$158,"Tìm kiếm Web") | E11: =COUNTIFS('Form Test Tính Năng'!C$4:C$158,"Tìm kiếm Web",'Form Test Tính Năng'!I$4:I$158,"PASS") | F11: =COUNTIFS('Form Test Tính Năng'!C$4:C$158,"Tìm kiếm Web",'Form Test Tính Năng'!I$4:I$158,"FAIL") | G11: =COUNTIFS('Form Test Tính Năng'!C$4:C$158,"Tìm kiếm Web",'Form Test Tính Năng'!I$4:I$158,"PARTIAL") | H11: =COUNTIFS('Form Test Tính Năng'!C$4:C$158,"Tìm kiếm Web",'Form Test Tính Năng'!I$4:I$158,"SKIP") | I11: =IF(D11=0,"",E11/D11)
A12: 9 | B12: USER | C12: Giao diện & Cá nhân hóa | D12: =COUNTIFS('Form Test Tính Năng'!C$4:C$158,"Giao diện & Cá nhân hóa") | E12: =COUNTIFS('Form Test Tính Năng'!C$4:C$158,"Giao diện & Cá nhân hóa",'Form Test Tính Năng'!I$4:I$158,"PASS") | F12: =COUNTIFS('Form Test Tính Năng'!C$4:C$158,"Giao diện & Cá nhân hóa",'Form Test Tính Năng'!I$4:I$158,"FAIL") | G12: =COUNTIFS('Form Test Tính Năng'!C$4:C$158,"Giao diện & Cá nhân hóa",'Form Test Tính Năng'!I$4:I$158,"PARTIAL") | H12: =COUNTIFS('Form Test Tính Năng'!C$4:C$158,"Giao diện & Cá nhân hóa",'Form Test Tính Năng'!I$4:I$158,"SKIP") | I12: =IF(D12=0,"",E12/D12)
A13: 10 | B13: ADMIN | C13: Quản lý người dùng | D13: =COUNTIFS('Form Test Tính Năng'!C$4:C$158,"Quản lý người dùng") | E13: =COUNTIFS('Form Test Tính Năng'!C$4:C$158,"Quản lý người dùng",'Form Test Tính Năng'!I$4:I$158,"PASS") | F13: =COUNTIFS('Form Test Tính Năng'!C$4:C$158,"Quản lý người dùng",'Form Test Tính Năng'!I$4:I$158,"FAIL") | G13: =COUNTIFS('Form Test Tính Năng'!C$4:C$158,"Quản lý người dùng",'Form Test Tính Năng'!I$4:I$158,"PARTIAL") | H13: =COUNTIFS('Form Test Tính Năng'!C$4:C$158,"Quản lý người dùng",'Form Test Tính Năng'!I$4:I$158,"SKIP") | I13: =IF(D13=0,"",E13/D13)
A14: 11 | B14: ADMIN | C14: Quản lý Model | D14: =COUNTIFS('Form Test Tính Năng'!C$4:C$158,"Quản lý Model") | E14: =COUNTIFS('Form Test Tính Năng'!C$4:C$158,"Quản lý Model",'Form Test Tính Năng'!I$4:I$158,"PASS") | F14: =COUNTIFS('Form Test Tính Năng'!C$4:C$158,"Quản lý Model",'Form Test Tính Năng'!I$4:I$158,"FAIL") | G14: =COUNTIFS('Form Test Tính Năng'!C$4:C$158,"Quản lý Model",'Form Test Tính Năng'!I$4:I$158,"PARTIAL") | H14: =COUNTIFS('Form Test Tính Năng'!C$4:C$158,"Quản lý Model",'Form Test Tính Năng'!I$4:I$158,"SKIP") | I14: =IF(D14=0,"",E14/D14)
A15: 12 | B15: ADMIN | C15: Dashboard & Giám sát | D15: =COUNTIFS('Form Test Tính Năng'!C$4:C$158,"Dashboard & Giám sát") | E15: =COUNTIFS('Form Test Tính Năng'!C$4:C$158,"Dashboard & Giám sát",'Form Test Tính Năng'!I$4:I$158,"PASS") | F15: =COUNTIFS('Form Test Tính Năng'!C$4:C$158,"Dashboard & Giám sát",'Form Test Tính Năng'!I$4:I$158,"FAIL") | G15: =COUNTIFS('Form Test Tính Năng'!C$4:C$158,"Dashboard & Giám sát",'Form Test Tính Năng'!I$4:I$158,"PARTIAL") | H15: =COUNTIFS('Form Test Tính Năng'!C$4:C$158,"Dashboard & Giám sát",'Form Test Tính Năng'!I$4:I$158,"SKIP") | I15: =IF(D15=0,"",E15/D15)
A16: 13 | B16: ADMIN | C16: Quota & Chi phí | D16: =COUNTIFS('Form Test Tính Năng'!C$4:C$158,"Quota & Chi phí") | E16: =COUNTIFS('Form Test Tính Năng'!C$4:C$158,"Quota & Chi phí",'Form Test Tính Năng'!I$4:I$158,"PASS") | F16: =COUNTIFS('Form Test Tính Năng'!C$4:C$158,"Quota & Chi phí",'Form Test Tính Năng'!I$4:I$158,"FAIL") | G16: =COUNTIFS('Form Test Tính Năng'!C$4:C$158,"Quota & Chi phí",'Form Test Tính Năng'!I$4:I$158,"PARTIAL") | H16: =COUNTIFS('Form Test Tính Năng'!C$4:C$158,"Quota & Chi phí",'Form Test Tính Năng'!I$4:I$158,"SKIP") | I16: =IF(D16=0,"",E16/D16)
A17: 14 | B17: ADMIN | C17: Cấu hình hệ thống | D17: =COUNTIFS('Form Test Tính Năng'!C$4:C$158,"Cấu hình hệ thống") | E17: =COUNTIFS('Form Test Tính Năng'!C$4:C$158,"Cấu hình hệ thống",'Form Test Tính Năng'!I$4:I$158,"PASS") | F17: =COUNTIFS('Form Test Tính Năng'!C$4:C$158,"Cấu hình hệ thống",'Form Test Tính Năng'!I$4:I$158,"FAIL") | G17: =COUNTIFS('Form Test Tính Năng'!C$4:C$158,"Cấu hình hệ thống",'Form Test Tính Năng'!I$4:I$158,"PARTIAL") | H17: =COUNTIFS('Form Test Tính Năng'!C$4:C$158,"Cấu hình hệ thống",'Form Test Tính Năng'!I$4:I$158,"SKIP") | I17: =IF(D17=0,"",E17/D17)
A18: TỔNG CỘNG | D18: =SUM(D4:D17) | E18: =SUM(E4:E17) | F18: =SUM(F4:F17) | G18: =SUM(G4:G17) | H18: =SUM(H4:H17) | I18: =IF(D18=0,"",E18/D18)
A20: THÔNG TIN NGƯỜI TEST
A21: Họ và tên
A22: Phòng ban
A23: Ngày test
A24: Trình duyệt (Chrome/Edge/Firefox)
A25: Thiết bị (PC/Laptop/Mobile)
A26: Nhận xét chung
A27: Đề xuất cải thiện tổng thể
